"id","priority","capability","user_problem","proposed_solution","expected_value_or_hypothesis","dependencies_and_data","engineering_or_data_risks","acceptance_criteria","validation_method","relative_effort","sources","depends_on"
"GD-A01","P0","Data readiness and import mapping","Engineers spend time reconciling units, aliases, datums and missing channels.","Versioned field mapping, source dictionary, coverage/quality panel, bulk import with quarantine and larger bounded streaming file handling.","Less manual reconciliation; hypothesis H1.","Existing provenance contracts; sample operator files.","Unit confusion, schema drift, memory limits.","Original bytes immutable; every mapping stores version and units; unknown datum blocks geometry binding; duplicate imports idempotent; proposed 100 MiB import fixture completes within a documented workstation memory budget.","Golden mixed-unit/alias/missing fixtures; invalid source rejection; memory and cancellation tests; compare mapped values with source rows.","M","S03,S10","None"
"GD-A02","P0","Study dependency and scenario management","Changing geometry or mud can leave comparisons tied to different assumptions.","Scenario bundles, lineage graph, baseline/alternative comparison and stale-result notices.","Fewer inconsistent design comparisons; H2.","GD-A01; immutable existing revisions.","Accidental overwrite or silently recomputing old studies.","Geometry/mud/source change identifies every dependent result; immutable old snapshots remain readable; comparison names all differing inputs and models; no stale result labelled current.","Change one shared input; trace M6→M8/M9 and M10→M11; golden lineage and UI tests.","M","S05","GD-A01"
"GD-A03","P0","Drilling-program and review pack","Raw study JSON is hard to turn into a reviewed programme.","Revision-controlled section/activity plan, assumptions and hazard register, selected-study references, human review states, readable PDF/HTML and CSV exports.","Reviewable handoff from planning to execution; H2.","GD-A02; agreed programme template.","Draft may be mistaken for operator approval; truncated output.","Each programme freezes source/model hashes; unsupported scopes conspicuous; reviewer comments refer to exact revision; generated document includes complete selected tables or explicit linked annexes; research-only watermark until qualification.","Independent reviewer rebuilds two scenarios from exported inputs; compare report/source hashes; test export pagination and missing-evidence disclosure.","M","S01,S05,S11","GD-A02"
"GD-A04","P0","Usability for large records and units","Long repetitive forms and generic outputs slow review.","Searchable paginated record tables, column validation, chart detail inspection, labelled unit profiles and keyboard navigation.","Faster error discovery; H3.","GD-A01; representative tasks.","Conversion round-off; hidden off-page errors.","All records searchable/exportable; error links open exact row; supported unit conversions round-trip within numerical tolerance; unknown values never become zero; keyboard completes critical review path.","Task-based usability study; large-list fixtures; unit round-trip tests; accessibility review and 390 px checks.","M","S09","GD-A01"
"GD-A05","P0","Qualification ledger and reference cases","Users need to distinguish calculation checks from physical evidence.","Per-model applicability card, verification cases, data rights, reviewer signoff and qualification status.","Credible use boundaries and release claims.","Existing model specs and evidence records.","Benchmark leakage; overclaiming validated range.","Every model lists supported/withheld states and benchmark provenance; analytical, experimental and field statuses separate; all reported tolerances approved before validation; no synthetic case presented as field evidence.","Independent reference recomputation; reproducible benchmark manifest; deliberately out-of-scope cases withhold.","S","S04,S10","None"
"GD-A06","P1","DDR and activity/cost reporting","Operations and costs are disconnected from calculation studies.","Daily activity timeline, NPT annotations, section/day cost ledger, budget versus actual, variance explanations and structured DDR exchange.","Connects engineering decisions to delivery performance; H4.","GD-A01–A03; licensed taxonomy and operator definitions.","Overlaps, timezone errors, inconsistent NPT/currency meanings.","Each reporting day reconciles elapsed intervals with explicit gaps; overlaps flag; actual/planned costs and currency date explicit; NPT classification retained with author and reason; XML validates against approved selected DDR schema.","Hand-calculated 24 h case with gaps/overlaps/DST; cost reconciliation; schema round-trip; compare with existing operator DDR.","L","S02,S08,S09","GD-A01,GD-A03"
"GD-A07","P1","Read-only WITSML/ETP integration","Manual file imports cannot sustain site/office data exchange.","Isolated read-only WITSML 2.1/ETP 1.2 adapter with source authorization, replay, deduplication and quality dashboard.","Less re-entry; fresher auditable data; H1.","GD-A01/A05; released schemas and authorized test server.","Ordering, reconnect loss, clock drift and vendor extensions.","No equipment endpoint; raw/receipt/source time retained; reconnect/duplicate/out-of-order handling reproducible; schema and unit incompatibility quarantined; explicit stale marker; no fabricated sampling.","Conformance fixtures plus independently authorized simulator interoperability; reconnect/backpressure soak; audit declared supported objects.","L","S03,S10","GD-A01,GD-A05"
"GD-A08","P1","Recovery, packaging and deployment","A local release needs repeatable recovery and installation.","Documented writable data location, SQLite-consistent backup/restore, portable evidence bundle, signed installer/update rollback and diagnostics.","Lower installation/recovery friction; H5.","GD-A05; signing infrastructure if installer pursued.","Cloud-sync concurrency; migration failure; lost attachments.","Restore reproduces dataset/report hashes and audit chain on clean machine; migrations reversible; app code and writable data separately located; active DB location checked for sync hazards; no administrator rig privileges.","Fresh Windows install/uninstall; crash during backup; restore/migration/rollback exercises; tampered bundle rejection.","M","Local code evidence","GD-A05"
"GD-A09","P1","Team identities and review workflow","A startup token does not identify accountable reviewers.","Named identities, project access, optimistic conflict handling, reviewer/author roles and immutable revision attestations.","Traceable human handoff; H5.","GD-A03/A08; deployment/threat model.","Role bypass; signature over wrong revision.","Review attestation binds exact content hash and identity; old decisions never transferred to revised content; unauthorized project access rejected; conflicts do not overwrite changes.","Access/role matrix tests; concurrent revisions; independent security review before network deployment.","L","S05,S09","GD-A03,GD-A08"
"GD-A10","P1","Geodesy, survey uncertainty and anti-collision research","A plotted centreline cannot quantify collision risk.","Typed CRS/datum/north transformations, tie-in surveys, tool-error covariance and multiwell clearance research.","Supports directional planning review; H6.","GD-A01/A05; ISCWSA/tool-provider models and geodetic references.","Correlated error, convention mismatch, unqualified clearance.","Coordinate round-trip and north conventions documented; covariance matches pinned ISCWSA diagnostic wells to predeclared component-wise tolerances; full correlation assumptions displayed; missing model withholds risk results; no drilling clearance issued.","Independent geodetic cases; Rev5 spreadsheet comparisons; closest-approach edge cases; survey specialist review.","XL","S04,S06","GD-A01,GD-A05"
"GD-A11","P1","Operational hydraulics and hole cleaning","Laminar concentric and vertical dilute models exclude common wells.","Versioned transition/turbulence and eccentric/rotating annulus closures; non-Newtonian, particle distribution and deviated-bed models.","Broader M6/M8 usefulness within validated envelope; H7.","GD-A05; measured rheology/flow-loop/PWD datasets.","Extrapolation, empirical closure error and coupled stability.","Each closure declares calibration range; conservation and refinement pass; Newtonian limits recovered; independent flow-loop/PWD and solids-return residuals reported with predeclared acceptance/error budget; unsupported states remain gated.","Analytical limits, mesh/time refinement, blind flow-loop cases stratified by angle/rheology/flow; engineering review.","XL","S07","GD-A05"
"GD-A12","P1","Calibrated torque/drag and trip studies","Friction ranges and simple transients do not capture all mechanics.","State-specific friction fitting, bias separation, variable-geometry surge/swab and selected stiff-string/contact extension.","Improved load/trip comparisons; H7.","GD-A02/A05/A11; reliable rig data.","Identifiability, joint/end force/contact error.","Calibration uses training runs only; blind residuals retained by operation/depth; μ and sensor-bias identifiability disclosed; M11 limits preserved unless new solver qualified; surge pressures checked against independent cases.","Analytic equilibrium; cross-validation by well/run; blind loads; transient reference comparison with documented error budget.","XL","S07,S10","GD-A02,GD-A05,GD-A11"
"GD-A13","P1","Casing, cement and barrier evidence","Casing stress checks do not describe complete barrier readiness.","Expanded qualified load cases plus component/cement catalogue, barrier schematic and test-evidence/handover ledger.","Connects casing design to documented integrity review; H8.","GD-A03/A05/A09; manufacturer and jurisdiction-specific references.","Misrepresented standards or test pass; evidence authenticity.","Planned/installed/tested statuses distinct; expired/missing tests visible; cement and connection assumptions explicit; load interaction compared independently; no barrier or operational approval automatically generated.","Reviewed catalogue references; missing/failed/expired barrier tests; independent casing solver cases; qualified well-integrity review.","XL","S11,S13","GD-A03,GD-A05,GD-A09"
"GD-A14","P2","Offset-well performance and lessons","Per-project studies cannot easily transfer lessons across wells.","Searchable offset sections, comparable cohorts, lessons tied to source events, planned versus actual duration/cost.","Post-well learning with transparent comparability; H4.","GD-A06/A07; harmonized taxonomy.","Biased offsets; leakage; missing cost contexts.","Comparisons show exclusions, section geometry, rig/mud/state differences and missing records; aggregate totals reconcile; retrospective report rebuilds from frozen inputs.","Hand-checked multiwell corpus; reviewer audit of exclusions; avoid fitted universal technical-limit claims.","L","S08,S09","GD-A06,GD-A07"
"GD-A15","P2","Measured BHA and bit/wear qualification","Synthetic dynamics and descriptive cohorts cannot support field predictions.","Instrumented BHA benchmarks; inspected bit-run cohorts; material/fluid wear tests and fatigue inspection comparisons.","Evidence-based expansion of M12–M14.","GD-A05/A07; data rights, calibrated sensors and recovered inspections.","Sampling aliasing, censoring bias, unavailable ground truth.","Time/bandwidth/calibration reviewed; held-out wells/runs untouched; informative censoring analysed; uncertainty calibrated if predictive claims pursued; wear coefficient units/material traceability verified; numerical convergence separately documented.","Blind instrumented response comparison; prospective inspected cohort; flow/material wear programme; independent domain review.","XL","S10","GD-A05,GD-A07"
"GD-A16","P2","Field anomaly replay evaluation","Synthetic event results cannot establish detection performance.","Adjudicated multisensor field corpus, operator context, prospective shadow evaluation and workload analysis.","Quantifies false candidates, misses and latency before product claims.","GD-A05/A07/A09; ethical authorized corpus.","Leakage, ambiguous labels, missed serious events.","Only causal available inputs used; thresholds frozen before holdout; sensitivity/missed events/false candidates per monitored hour and latency distributions with uncertainty disclosed; transfer/pump/trip contexts stratified; display remains advisory.","Independent adjudication; held-out wells with baseline timing; prefix invariance; authorized passive shadow study after separate approval.","XL","S10,S12","GD-A05,GD-A07,GD-A09"
"GD-A17","P2","Actual-fluid thermodynamics and geomechanics","Reduced models exclude actual mud and formation coupling.","External characterized PVT/solubility adapter and selected thermal/poroelastic or multiphase solver experiments.","Extends M7/M16 for independently defined questions.","GD-A05/A11; measured fluid/property data and solver rights.","Uncharacterized mud, nonunique stress inputs, EOS stability.","No binary EOS relabelled actual mud; composition/T/P validity explicit; mass/energy/material balances and phase stability checked; withheld beyond measured range; independent PVT and geomechanics cases required.","Laboratory blind comparisons; documented solver verification and mesh/time sensitivity; geomechanical reviewer.","XL","Local model specifications","GD-A05,GD-A11"
"GD-A18","P2","Evidence search assistant","Engineers may struggle to locate relevant reports and assumptions.","Permission-aware retrieval over project evidence with file/page citations, calculations delegated to typed kernels.","Faster evidence lookup; hypothesis H9.","GD-A01/A03/A09; evaluation questions and document rights.","Hallucinated citations, prompt injection, hidden unit errors.","Every factual answer links exact source/page; missing evidence abstains; conflicting versions exposed; no writes or control authority; calculated results include model/version/inputs; unauthorized sources inaccessible.","Fixed answerable/unanswerable/conflicting question set; citation correctness and abstention scored; adversarial documents; compare task time to manual search.","M","S16","GD-A01,GD-A03,GD-A09"
"GD-A19","Excluded","Autonomous rig control","Original proposal exceeded the audited authority boundary.","Preserve simulator-only Module 17 and equipment_control false.","Maintains declared scope.","Separate future OEM governance would require new authorization; not part of this backlog.","Unauthorized authority expansion.","No hardware adapters, outbound equipment commands or rig leases introduced; simulation requests remain isolated.","Regression route inventory and no-authority/fault tests; preserve release boundary.","Not estimated","Local audit and M17 specification","None"
