timestamp,md[m],tvd[m],wob[kN],torque[kN.m],rpm[rpm],rop[m/h],spp[MPa],flow[L/min],state
2026-01-15T08:00:00+00:00,2840.0,2400.0,108.0,8.0,122.0,27.0,21.0,1850.0,drilling
2026-01-15T08:00:02+00:00,2840.018,2400.007,108.571,8.059,122.31,27.2,21.041,1852.91,drilling
2026-01-15T08:00:04+00:00,2840.036,2400.014,109.139,8.117,122.61,27.4,21.082,1855.81,drilling
2026-01-15T08:00:06+00:00,2840.054,2400.021,109.701,8.176,122.91,27.6,21.122,1858.66,drilling
2026-01-15T08:00:08+00:00,2840.072,2400.028,110.255,8.233,123.21,27.79,21.163,1861.45,drilling
2026-01-15T08:00:10+00:00,2840.09,2400.035,110.797,8.29,123.5,27.99,21.203,1864.17,drilling
2026-01-15T08:00:12+00:00,2840.108,2400.042,111.325,8.346,123.78,28.18,21.242,1866.78,drilling
2026-01-15T08:00:14+00:00,2840.126,2400.049,111.835,8.4,124.05,28.37,21.282,1869.28,drilling
2026-01-15T08:00:16+00:00,2840.144,2400.056,112.327,8.453,124.31,28.56,21.32,1871.64,drilling
2026-01-15T08:00:18+00:00,2840.162,2400.063,112.796,8.505,124.55,28.74,21.358,1873.86,drilling
2026-01-15T08:00:20+00:00,2840.18,2400.07,113.241,8.555,124.78,28.92,21.395,1875.91,drilling
2026-01-15T08:00:22+00:00,2840.198,2400.077,113.659,8.603,124.99,29.09,21.431,1877.78,drilling
2026-01-15T08:00:24+00:00,2840.216,2400.084,114.048,8.649,125.19,29.26,21.467,1879.45,drilling
2026-01-15T08:00:26+00:00,2840.234,2400.091,114.406,8.692,125.37,29.42,21.501,1880.92,drilling
2026-01-15T08:00:28+00:00,2840.252,2400.098,114.732,8.734,125.52,29.58,21.535,1882.18,drilling
2026-01-15T08:00:30+00:00,2840.27,2400.105,115.023,8.772,125.66,29.73,21.567,1883.21,drilling
2026-01-15T08:00:32+00:00,2840.288,2400.112,115.279,8.808,125.77,29.87,21.598,1884.02,drilling
2026-01-15T08:00:34+00:00,2840.306,2400.119,115.497,8.841,125.86,30.01,21.628,1884.59,drilling
2026-01-15T08:00:36+00:00,2840.324,2400.126,115.677,8.872,125.93,30.13,21.657,1884.91,drilling
2026-01-15T08:00:38+00:00,2840.342,2400.133,115.818,8.899,125.98,30.25,21.684,1885.0,drilling
2026-01-15T08:00:40+00:00,2840.36,2400.14,115.919,8.923,126.0,30.37,21.71,1884.84,drilling
2026-01-15T08:00:42+00:00,2840.378,2400.147,115.98,8.944,126.0,30.47,21.734,1884.44,drilling
2026-01-15T08:00:44+00:00,2840.396,2400.154,116.0,8.962,125.97,30.56,21.757,1883.8,drilling
2026-01-15T08:00:46+00:00,2840.414,2400.161,115.979,8.976,125.92,30.65,21.779,1882.93,drilling
2026-01-15T08:00:48+00:00,2840.432,2400.168,115.918,8.987,125.85,30.73,21.798,1881.83,drilling
2026-01-15T08:00:50+00:00,2840.45,2400.175,115.816,8.995,125.75,30.8,21.816,1880.5,drilling
2026-01-15T08:00:52+00:00,2840.468,2400.182,115.674,8.999,125.64,30.85,21.833,1878.97,drilling
2026-01-15T08:00:54+00:00,2840.486,2400.189,115.493,9.0,125.5,30.9,21.847,1877.23,drilling
2026-01-15T08:00:56+00:00,2840.504,2400.196,115.274,8.997,125.34,30.94,21.86,1875.31,drilling
2026-01-15T08:00:58+00:00,2840.522,2400.203,115.018,8.991,125.16,30.97,21.871,1873.21,drilling
2026-01-15T08:01:00+00:00,2840.54,2400.21,114.726,8.981,124.96,30.99,21.881,1870.95,drilling
2026-01-15T08:01:02+00:00,2840.558,2400.217,114.4,8.968,124.75,31.0,21.888,1868.54,drilling
2026-01-15T08:01:04+00:00,2840.576,2400.224,114.041,8.952,124.52,31.0,21.894,1866.0,drilling
2026-01-15T08:01:06+00:00,2840.594,2400.231,113.651,8.932,124.27,30.99,21.898,1863.36,drilling
2026-01-15T08:01:08+00:00,2840.612,2400.238,113.233,8.909,124.01,30.97,21.9,1860.62,drilling
2026-01-15T08:01:10+00:00,2840.63,2400.245,112.788,8.883,123.74,30.94,21.9,1857.81,drilling
2026-01-15T08:01:12+00:00,2840.648,2400.252,112.318,8.854,123.46,30.9,21.898,1854.94,drilling
2026-01-15T08:01:14+00:00,2840.666,2400.259,111.827,8.822,123.16,30.85,21.894,1852.04,drilling
2026-01-15T08:01:16+00:00,2840.684,2400.266,111.315,8.787,122.87,30.79,21.889,1849.12,drilling
2026-01-15T08:01:18+00:00,2840.702,2400.273,110.787,8.75,122.56,30.72,21.882,1846.21,drilling
2026-01-15T08:01:20+00:00,2840.72,2400.28,110.245,8.709,122.26,30.64,21.873,1843.33,drilling
2026-01-15T08:01:22+00:00,2840.738,2400.287,109.691,8.667,121.95,30.55,21.862,1840.49,drilling
2026-01-15T08:01:24+00:00,2840.756,2400.294,109.129,8.622,121.64,30.45,,1837.72,drilling
2026-01-15T08:01:26+00:00,2840.774,2400.301,108.561,8.575,121.34,30.35,21.835,1835.04,drilling
2026-01-15T08:01:28+00:00,2840.792,2400.308,107.99,8.526,121.04,30.23,21.818,1832.46,drilling
2026-01-15T08:01:30+00:00,2840.81,2400.315,107.419,8.475,120.74,30.11,21.801,1830.0,drilling
2026-01-15T08:01:32+00:00,2840.828,2400.322,106.851,8.422,120.45,29.98,21.781,1827.67,drilling
2026-01-15T08:01:34+00:00,2840.846,2400.329,106.289,8.368,120.17,29.85,21.76,1825.51,drilling
2026-01-15T08:01:36+00:00,2840.864,2400.336,105.736,8.313,119.91,29.7,21.737,1823.51,drilling
2026-01-15T08:01:38+00:00,2840.882,2400.343,105.194,8.256,119.65,29.55,21.713,1821.7,drilling
2026-01-15T08:01:40+00:00,2840.9,2400.35,104.666,8.199,119.41,29.39,21.687,1820.08,drilling
2026-01-15T08:01:42+00:00,2840.918,2400.357,104.156,8.141,119.18,29.23,21.66,1818.68,drilling
2026-01-15T08:01:44+00:00,2840.936,2400.364,103.665,8.083,118.97,29.06,21.632,1817.48,drilling
2026-01-15T08:01:46+00:00,2840.954,2400.371,103.196,8.024,118.78,28.89,21.602,1816.52,drilling
2026-01-15T08:01:48+00:00,2840.972,2400.378,102.752,7.965,118.61,28.71,21.571,1815.79,drilling
2026-01-15T08:01:50+00:00,2840.99,2400.385,102.334,7.906,118.46,28.53,21.539,1815.29,drilling
2026-01-15T08:01:52+00:00,2841.008,2400.392,101.946,7.848,118.32,28.34,21.505,1815.04,drilling
2026-01-15T08:01:54+00:00,2841.026,2400.399,101.588,7.79,118.21,28.15,21.471,1815.02,drilling
2026-01-15T08:01:56+00:00,2841.044,2400.406,101.263,7.733,118.13,27.96,21.436,1815.26,drilling
2026-01-15T08:01:58+00:00,2841.062,2400.413,100.972,7.677,118.06,27.76,21.399,1815.73,drilling
2026-01-15T08:02:00+00:00,2841.08,2400.42,100.717,7.622,118.02,27.56,21.362,1816.44,drilling
2026-01-15T08:02:02+00:00,2841.098,2400.427,100.5,7.568,118.0,27.37,21.325,1817.38,drilling
2026-01-15T08:02:04+00:00,2841.116,2400.434,100.32,7.516,118.01,27.17,21.286,1818.55,drilling
2026-01-15T08:02:06+00:00,2841.134,2400.441,100.18,7.465,118.04,26.97,21.247,1819.94,drilling
2026-01-15T08:02:08+00:00,2841.152,2400.448,100.079,7.416,118.09,26.77,21.207,1821.53,drilling
2026-01-15T08:02:10+00:00,2841.17,2400.455,100.019,7.37,118.16,26.57,21.167,1823.33,drilling
2026-01-15T08:02:12+00:00,2841.188,2400.462,100.0,7.325,118.26,26.37,21.127,1825.31,drilling
2026-01-15T08:02:14+00:00,2841.206,2400.469,100.021,7.283,118.38,26.17,21.086,1827.46,drilling
2026-01-15T08:02:16+00:00,2841.224,2400.476,100.084,7.243,118.53,25.98,21.046,1829.76,drilling
2026-01-15T08:02:18+00:00,2841.242,2400.483,100.186,7.206,118.69,25.79,21.005,1832.21,drilling
2026-01-15T08:02:20+00:00,2841.26,2400.49,100.329,7.172,118.87,25.6,20.964,1834.78,drilling
2026-01-15T08:02:22+00:00,2841.278,2400.497,100.51,7.14,119.07,25.41,20.923,1837.46,drilling
2026-01-15T08:02:24+00:00,2841.296,2400.504,100.73,7.112,119.29,25.23,20.882,1840.22,drilling
2026-01-15T08:02:26+00:00,2841.314,2400.511,100.987,7.086,119.52,25.05,20.842,1843.05,drilling
2026-01-15T08:02:28+00:00,2841.332,2400.518,101.279,7.064,119.77,24.88,20.802,1845.93,drilling
2026-01-15T08:02:30+00:00,2841.35,2400.525,101.606,7.045,120.03,24.71,20.762,1848.84,drilling
2026-01-15T08:02:32+00:00,2841.368,2400.532,101.965,7.029,120.31,24.55,20.723,1851.75,drilling
2026-01-15T08:02:34+00:00,2841.386,2400.539,102.356,7.017,120.59,24.4,20.684,1854.66,drilling
2026-01-15T08:02:36+00:00,2841.404,2400.546,102.775,7.008,120.88,24.25,20.646,1857.53,drilling
2026-01-15T08:02:38+00:00,2841.422,2400.553,103.22,7.002,121.18,24.11,20.609,1860.35,drilling
2026-01-15T08:02:40+00:00,2841.44,2400.56,103.69,7.0,121.48,23.97,20.573,1863.1,drilling
2026-01-15T08:02:42+00:00,2841.458,2400.567,104.182,7.001,121.79,23.85,20.537,1865.75,drilling
2026-01-15T08:02:44+00:00,2841.476,2400.574,104.694,7.006,122.1,23.73,20.503,1868.3,drilling
2026-01-15T08:02:46+00:00,2841.494,2400.581,105.222,7.014,122.41,23.62,20.469,1870.72,drilling
2026-01-15T08:02:48+00:00,2841.512,2400.588,105.765,7.026,122.71,23.51,20.436,1872.99,drilling
2026-01-15T08:02:50+00:00,2841.53,2400.595,106.319,7.041,123.01,23.42,20.405,1875.11,drilling
2026-01-15T08:02:52+00:00,2841.548,2400.602,106.881,7.059,123.3,23.34,20.375,1877.05,drilling
2026-01-15T08:02:54+00:00,2841.566,2400.609,107.449,7.081,123.59,23.26,20.346,1878.81,drilling
2026-01-15T08:02:56+00:00,2841.584,2400.616,108.02,7.106,123.87,23.19,20.319,1880.36,drilling
2026-01-15T08:02:58+00:00,2841.602,2400.623,108.591,7.134,124.13,23.14,20.293,1881.71,drilling
2026-01-15T08:03:00+00:00,2841.62,2400.63,109.159,7.164,0,0,20.268,0,connection
2026-01-15T08:03:02+00:00,2841.638,2400.637,109.721,7.198,0,0,20.245,0,connection
2026-01-15T08:03:04+00:00,2841.656,2400.644,110.274,7.235,0,0,20.224,0,connection
2026-01-15T08:03:06+00:00,2841.674,2400.651,110.816,7.274,0,0,20.204,0,connection
2026-01-15T08:03:08+00:00,2841.692,2400.658,111.343,7.316,0,0,20.186,0,connection
2026-01-15T08:03:10+00:00,2841.71,2400.665,111.853,7.36,0,0,20.169,0,connection
2026-01-15T08:03:12+00:00,2841.728,2400.672,112.344,7.406,0,0,20.154,0,connection
2026-01-15T08:03:14+00:00,2841.746,2400.679,112.812,7.454,125.7,23.04,20.141,1884.08,drilling
2026-01-15T08:03:16+00:00,2841.764,2400.686,113.256,7.504,125.8,23.07,20.13,1883.3,drilling
2026-01-15T08:03:18+00:00,2841.782,2400.693,113.673,7.556,125.89,23.11,20.12,1882.29,drilling
2026-01-15T08:03:20+00:00,2841.8,2400.7,114.061,7.61,125.95,23.16,20.113,1881.06,drilling
2026-01-15T08:03:22+00:00,2841.818,2400.707,114.418,7.665,125.99,23.23,20.107,1879.6,drilling
2026-01-15T08:03:24+00:00,2841.836,2400.714,114.743,7.721,126.0,23.3,20.103,1877.95,drilling
2026-01-15T08:03:26+00:00,2841.854,2400.721,115.033,7.778,125.99,23.38,20.1,1876.1,drilling
2026-01-15T08:03:28+00:00,2841.872,2400.728,115.287,7.835,125.96,23.47,20.1,1874.06,drilling
2026-01-15T08:03:30+00:00,2841.89,2400.735,115.504,7.893,125.9,23.56,20.102,1871.87,drilling
2026-01-15T08:03:32+00:00,2841.908,2400.742,115.683,7.952,125.82,23.67,20.105,1869.51,drilling
2026-01-15T08:03:34+00:00,2841.926,2400.749,115.822,8.011,125.72,23.79,20.11,1867.03,drilling
2026-01-15T08:03:36+00:00,2841.944,2400.756,115.922,8.07,125.6,23.91,20.117,1864.42,drilling
2026-01-15T08:03:38+00:00,2841.962,2400.763,115.981,8.128,125.45,24.04,20.126,1861.72,drilling
2026-01-15T08:03:40+00:00,2841.98,2400.77,116.0,8.186,125.28,24.18,20.137,1858.93,drilling
2026-01-15T08:03:42+00:00,2841.998,2400.777,115.978,8.244,125.1,24.32,20.149,1856.09,drilling
2026-01-15T08:03:44+00:00,2842.016,2400.784,115.915,8.3,124.9,24.47,20.164,1853.2,drilling
2026-01-15T08:03:46+00:00,2842.034,2400.791,115.812,8.356,124.67,24.63,20.18,1850.28,drilling
2026-01-15T08:03:48+00:00,2842.052,2400.798,115.669,8.41,124.44,24.8,20.197,1847.37,drilling
2026-01-15T08:03:50+00:00,2842.07,2400.805,115.486,8.463,124.19,24.97,20.217,1844.47,drilling
2026-01-15T08:03:52+00:00,2842.088,2400.812,115.266,8.514,123.92,25.14,20.238,1841.62,drilling
2026-01-15T08:03:54+00:00,2842.106,2400.819,115.009,8.564,123.65,25.32,20.26,1838.82,drilling
2026-01-15T08:03:56+00:00,2842.124,2400.826,114.715,8.612,123.36,25.5,20.284,1836.1,drilling
2026-01-15T08:03:58+00:00,2842.142,2400.833,114.388,8.657,123.07,25.69,20.31,1833.47,drilling
2026-01-15T08:04:00+00:00,2842.16,2400.84,114.028,8.7,122.77,25.88,20.337,1830.96,drilling
2026-01-15T08:04:02+00:00,2842.178,2400.847,113.637,8.741,122.47,26.08,20.365,1828.58,drilling
2026-01-15T08:04:04+00:00,2842.196,2400.854,113.218,8.779,122.16,26.27,20.395,1826.35,drilling
2026-01-15T08:04:06+00:00,2842.214,2400.861,112.772,8.815,121.85,26.47,20.426,1824.29,drilling
2026-01-15T08:04:08+00:00,2842.232,2400.868,112.301,8.847,121.55,26.67,20.458,1822.4,drilling
2026-01-15T08:04:10+00:00,2842.25,2400.875,111.809,8.877,121.24,26.87,20.491,1820.7,drilling
2026-01-15T08:04:12+00:00,2842.268,2400.882,111.297,8.904,120.94,27.07,20.525,1819.21,drilling
2026-01-15T08:04:14+00:00,2842.286,2400.889,110.768,8.927,120.65,27.27,20.56,1817.93,drilling
2026-01-15T08:04:16+00:00,2842.304,2400.896,110.226,8.948,120.36,27.47,20.596,1816.88,drilling
2026-01-15T08:04:18+00:00,2842.322,2400.903,109.672,8.965,120.09,27.66,20.633,1816.05,drilling
2026-01-15T08:04:20+00:00,2842.34,2400.91,109.109,8.979,119.82,27.86,20.671,1815.46,drilling
2026-01-15T08:04:22+00:00,2842.358,2400.917,108.541,10.789,119.57,28.05,20.71,1815.11,drilling
2026-01-15T08:04:24+00:00,2842.376,2400.924,107.97,10.796,119.34,28.25,20.749,1815.0,drilling
2026-01-15T08:04:26+00:00,2842.394,2400.931,107.399,10.8,119.11,28.43,20.788,1815.13,drilling
2026-01-15T08:04:28+00:00,2842.412,2400.938,106.831,10.8,118.91,28.62,20.828,1815.51,drilling
2026-01-15T08:04:30+00:00,2842.43,2400.945,106.269,10.796,118.72,28.8,20.868,1816.13,drilling
2026-01-15T08:04:32+00:00,2842.448,2400.952,105.716,10.789,118.56,28.98,20.909,1816.98,drilling
2026-01-15T08:04:34+00:00,2842.466,2400.959,105.175,10.779,118.41,29.15,20.95,1818.06,drilling
2026-01-15T08:04:36+00:00,2842.484,2400.966,104.648,10.765,118.29,29.31,20.991,1819.36,drilling
2026-01-15T08:04:38+00:00,2842.502,2400.973,104.138,10.748,118.18,29.47,21.031,1820.87,drilling
2026-01-15T08:04:40+00:00,2842.52,2400.98,103.648,10.728,118.1,29.63,21.072,1822.59,drilling
2026-01-15T08:04:42+00:00,2842.538,2400.987,103.18,10.705,118.04,29.78,21.113,1824.5,drilling
2026-01-15T08:04:44+00:00,2842.556,2400.994,102.736,10.678,118.01,29.92,21.153,1826.58,drilling
2026-01-15T08:04:46+00:00,2842.574,2401.001,102.32,10.648,118.0,30.05,21.194,1828.83,drilling
2026-01-15T08:04:48+00:00,2842.592,2401.008,101.932,10.616,118.01,30.17,21.233,1831.22,drilling
2026-01-15T08:04:50+00:00,2842.61,2401.015,101.576,10.58,118.05,30.29,21.273,1833.74,drilling
2026-01-15T08:04:52+00:00,2842.628,2401.022,101.252,10.542,118.11,30.4,21.311,1836.38,drilling
2026-01-15T08:04:54+00:00,2842.646,2401.029,100.962,10.502,118.19,30.5,21.349,1839.11,drilling
2026-01-15T08:04:56+00:00,2842.664,2401.036,100.709,10.459,118.3,30.59,21.387,1841.92,drilling
2026-01-15T08:04:58+00:00,2842.682,2401.043,100.492,10.413,118.43,30.68,21.423,1844.78,drilling
2026-01-15T08:05:00+00:00,2842.7,2401.05,100.314,10.366,118.58,30.75,21.459,1847.68,drilling
2026-01-15T08:05:02+00:00,2842.718,2401.057,100.176,10.316,118.74,30.82,21.494,1850.59,drilling
2026-01-15T08:05:04+00:00,2842.736,2401.064,100.077,10.265,118.93,30.87,21.527,1853.5,drilling
2026-01-15T08:05:06+00:00,2842.754,2401.071,100.018,10.212,119.14,30.92,21.56,1856.39,drilling
2026-01-15T08:05:08+00:00,2842.772,2401.078,100.0,10.158,119.36,30.95,21.591,1859.23,drilling
2026-01-15T08:05:10+00:00,2842.79,2401.085,100.023,8.302,119.6,30.98,21.622,1862.01,drilling
2026-01-15T08:05:12+00:00,2842.808,2401.092,100.087,8.246,119.85,30.99,21.65,1864.71,drilling
2026-01-15T08:05:14+00:00,2842.826,2401.099,100.191,8.188,120.12,31.0,21.678,1867.3,drilling
2026-01-15T08:05:16+00:00,2842.844,2401.106,100.334,8.13,120.4,31.0,21.704,1869.77,drilling
2026-01-15T08:05:18+00:00,2842.862,2401.113,100.517,8.072,120.68,30.98,21.729,1872.11,drilling
2026-01-15T08:05:20+00:00,2842.88,2401.12,100.738,8.013,120.98,30.96,21.752,1874.29,drilling
2026-01-15T08:05:22+00:00,2842.898,2401.127,100.996,7.954,121.28,30.92,21.774,1876.3,drilling
2026-01-15T08:05:24+00:00,2842.916,2401.134,101.29,7.896,121.58,30.88,21.794,1878.13,drilling
2026-01-15T08:05:26+00:00,2842.934,2401.141,101.618,7.837,121.89,30.83,21.812,1879.77,drilling
2026-01-15T08:05:28+00:00,2842.952,2401.148,101.979,7.78,122.2,30.76,21.829,1881.2,drilling
2026-01-15T08:05:30+00:00,2842.97,2401.155,102.37,7.723,122.5,30.69,21.844,1882.41,drilling
2026-01-15T08:05:32+00:00,2842.988,2401.162,102.79,7.667,122.81,30.61,21.858,1883.4,drilling
2026-01-15T08:05:34+00:00,2843.006,2401.169,103.237,7.612,123.1,30.52,21.869,1884.15,drilling
2026-01-15T08:05:36+00:00,2843.024,2401.176,103.707,7.558,123.4,30.42,21.879,1884.67,drilling
2026-01-15T08:05:38+00:00,2843.042,2401.183,104.2,7.506,123.68,30.31,21.887,1884.95,drilling
2026-01-15T08:06:04+00:00,2843.06,2401.19,104.712,7.456,123.95,30.19,21.893,1884.98,drilling
2026-01-15T08:06:06+00:00,2843.078,2401.197,105.241,7.408,124.22,30.07,21.897,1884.78,drilling
2026-01-15T08:06:08+00:00,2843.096,2401.204,105.784,7.361,124.47,29.94,21.899,1884.33,drilling
2026-01-15T08:06:10+00:00,2843.114,2401.211,106.338,7.317,124.7,29.8,21.9,1883.64,drilling
2026-01-15T08:06:12+00:00,2843.132,2401.218,106.901,7.275,124.92,29.65,21.899,1882.72,drilling
2026-01-15T08:06:14+00:00,2843.15,2401.225,107.469,7.236,125.12,29.5,21.895,1881.57,drilling
2026-01-15T08:06:16+00:00,2843.168,2401.232,108.04,7.199,125.3,29.34,21.89,1880.21,drilling
2026-01-15T08:06:18+00:00,2843.186,2401.239,108.611,7.166,125.47,29.17,21.884,1878.63,drilling
2026-01-15T08:06:20+00:00,2843.204,2401.246,109.179,7.135,125.61,29.0,21.875,1876.86,drilling
2026-01-15T08:06:22+00:00,2843.222,2401.253,109.741,7.107,125.73,28.83,21.864,1874.89,drilling
2026-01-15T08:06:24+00:00,2843.24,2401.26,110.294,7.082,125.83,28.65,21.852,1872.76,drilling
2026-01-15T08:06:26+00:00,2843.258,2401.267,110.835,7.06,125.91,28.46,21.838,1870.47,drilling
2026-01-15T08:06:28+00:00,2843.276,2401.274,111.361,7.042,125.96,28.28,21.822,1868.03,drilling
2026-01-15T08:06:30+00:00,2843.294,2401.281,111.871,7.027,125.99,28.09,21.805,1865.47,drilling
2026-01-15T08:06:32+00:00,2843.312,2401.288,112.361,7.015,126.0,27.89,21.786,1862.81,drilling
2026-01-15T08:06:34+00:00,2843.33,2401.295,112.828,7.006,125.98,27.7,21.765,1860.05,drilling
2026-01-15T08:06:36+00:00,2843.348,2401.302,113.271,7.001,125.94,27.5,21.743,1857.23,drilling
2026-01-15T08:06:38+00:00,2843.366,2401.309,113.687,7.0,125.88,27.3,21.719,1854.35,drilling
2026-01-15T08:06:40+00:00,2843.384,2401.316,114.074,7.002,125.79,27.1,21.693,1851.44,drilling
2026-01-15T08:06:42+00:00,2843.402,2401.323,114.43,7.007,125.68,26.9,21.666,1848.53,drilling
2026-01-15T08:06:44+00:00,2843.42,2401.33,114.754,7.016,125.55,0,21.638,1845.62,drilling
2026-01-15T08:06:46+00:00,2843.438,2401.337,115.042,7.029,125.4,26.5,21.609,1842.75,drilling
2026-01-15T08:06:48+00:00,2843.456,2401.344,115.295,7.044,125.23,26.3,21.578,1839.92,drilling
2026-01-15T08:06:50+00:00,2843.474,2401.351,115.511,7.063,125.04,26.11,21.546,1837.17,drilling
2026-01-15T08:06:52+00:00,2843.492,2401.358,115.688,7.085,124.83,25.91,21.513,1834.5,drilling
2026-01-15T08:06:54+00:00,2843.51,2401.365,115.827,7.111,124.6,25.72,21.479,1831.94,drilling
2026-01-15T08:06:56+00:00,2843.528,2401.372,115.925,7.139,124.36,25.53,21.444,1829.51,drilling
2026-01-15T08:06:58+00:00,2843.546,2401.379,115.983,7.171,124.1,25.35,21.408,1827.22,drilling
2026-01-15T08:07:00+00:00,2843.564,2401.386,116.0,7.205,123.84,25.17,21.371,1825.09,drilling
2026-01-15T08:07:02+00:00,2843.582,2401.393,115.976,7.242,123.56,24.99,21.333,1823.13,drilling
2026-01-15T08:07:04+00:00,2843.6,2401.4,115.912,7.281,123.27,24.82,21.295,1821.35,drilling
2026-01-15T08:07:06+00:00,2843.618,2401.407,115.807,7.324,122.98,24.66,21.256,1819.78,drilling
2026-01-15T08:07:08+00:00,2843.636,2401.414,115.663,7.368,122.67,24.5,21.217,1818.42,drilling
2026-01-15T08:07:10+00:00,2843.654,2401.421,115.479,7.415,122.37,24.35,21.177,1817.27,drilling
2026-01-15T08:07:12+00:00,2843.672,2401.428,115.257,7.463,122.06,24.2,21.136,1816.35,drilling
2026-01-15T08:07:14+00:00,2843.69,2401.435,114.999,7.514,121.76,24.06,21.096,1815.67,drilling
2026-01-15T08:07:16+00:00,2843.708,2401.442,114.704,7.566,121.45,23.93,21.055,1815.22,drilling
2026-01-15T08:07:18+00:00,2843.726,2401.449,114.376,7.62,121.15,23.8,21.014,1815.01,drilling
2026-01-15T08:07:20+00:00,2843.744,2401.456,114.015,7.675,120.85,23.69,20.973,1815.05,drilling
2026-01-15T08:07:22+00:00,2843.762,2401.463,113.623,7.731,120.56,23.58,20.932,1815.33,drilling
2026-01-15T08:07:24+00:00,2843.78,2401.47,113.202,7.788,120.27,23.48,20.892,1815.85,drilling
2026-01-15T08:07:26+00:00,2843.798,2401.477,112.755,7.846,120.0,23.39,20.851,1816.61,drilling
2026-01-15T08:07:28+00:00,2843.816,2401.484,112.284,7.904,119.74,23.31,20.811,1817.6,drilling
2026-01-15T08:07:30+00:00,2843.834,2401.491,111.791,7.963,119.5,23.24,20.771,1818.81,drilling
2026-01-15T08:07:32+00:00,2843.852,2401.498,111.279,8.022,119.26,23.17,20.732,1820.25,drilling
2026-01-15T08:07:34+00:00,2843.87,2401.505,110.749,8.081,119.05,23.12,20.693,1821.88,drilling
2026-01-15T08:07:36+00:00,2843.888,2401.512,110.206,8.139,118.85,23.08,20.655,1823.72,drilling
2026-01-15T08:07:38+00:00,2843.906,2401.519,109.652,8.197,118.67,23.04,20.618,1825.73,drilling
2026-01-15T08:07:40+00:00,2843.924,2401.526,109.089,8.254,118.51,23.02,20.581,1827.91,drilling
2026-01-15T08:07:42+00:00,2843.942,2401.533,108.52,8.311,118.37,23.0,20.545,1830.25,drilling
2026-01-15T08:07:44+00:00,2843.96,2401.54,107.949,8.366,118.25,23.0,20.51,1832.72,drilling
2026-01-15T08:07:46+00:00,2843.978,2401.547,107.379,8.42,118.15,23.01,20.477,1835.32,drilling
2026-01-15T08:07:48+00:00,2843.996,2401.554,106.811,8.473,118.08,23.02,20.444,1838.01,drilling
2026-01-15T08:07:50+00:00,2844.014,2401.561,106.249,8.524,118.03,23.05,20.412,1840.79,drilling
2026-01-15T08:07:52+00:00,2844.032,2401.568,105.697,8.573,118.0,23.08,20.382,1843.63,drilling
2026-01-15T08:07:54+00:00,2844.05,2401.575,105.156,8.62,118.0,23.13,20.353,1846.52,drilling
2026-01-15T08:07:56+00:00,2844.068,2401.582,104.629,8.665,118.02,23.18,20.325,1849.43,drilling
2026-01-15T08:07:58+00:00,2844.086,2401.589,104.12,8.708,118.07,23.25,20.299,1852.35,drilling
2026-01-15T08:08:00+00:00,2844.104,2401.596,103.631,8.748,118.13,23.32,20.274,1855.25,drilling
2026-01-15T08:08:02+00:00,2844.122,2401.603,103.164,8.786,118.22,23.41,20.25,1858.11,drilling
2026-01-15T08:08:04+00:00,2844.14,2401.61,102.721,8.821,118.34,23.5,20.229,1860.91,drilling
2026-01-15T08:08:06+00:00,2844.158,2401.617,102.306,8.853,118.47,23.6,20.208,1863.64,drilling
2026-01-15T08:08:08+00:00,2844.176,2401.624,101.919,8.882,118.63,23.71,20.19,1866.28,drilling
2026-01-15T08:08:10+00:00,2844.194,2401.631,101.564,8.908,118.8,23.83,20.173,1868.8,drilling
2026-01-15T08:08:12+00:00,2844.212,2401.638,101.241,8.931,119.0,23.95,20.157,1871.19,drilling
2026-01-15T08:08:14+00:00,2844.23,2401.645,100.953,8.951,119.21,24.09,20.144,1873.44,drilling
2026-01-15T08:08:16+00:00,2844.248,2401.652,100.701,8.968,119.44,24.23,20.132,1875.52,drilling
2026-01-15T08:08:18+00:00,2844.266,2401.659,100.486,8.981,119.68,24.37,20.122,1877.43,drilling
2026-01-15T08:08:20+00:00,2844.284,2401.666,100.309,8.991,119.94,24.53,20.114,1879.14,drilling
2026-01-15T08:08:22+00:00,2844.302,2401.673,100.171,8.997,120.21,24.69,20.108,1880.65,drilling
